candidate,parent,change,e2e_fast_ms,prob_maxdiff,notes
v3,,published baseline,20.13,0.0034,bench/logs/e2e_bench.log
C1a,v3,prep map2 (GVA + preloaded rows, TCH=1),n/a,0,kernel 24.0->17.8 us
C1b,v3,prep dedup (per packed row) + spread pad + host hist table (dedup2) + GVA,19.88,0.0034 (bit-identical to v3),kernel 24.0->9.7 us; FLA kkt_solve +8.6 us with GVA; replicated q/k variant 19.93
C2,C1b,bit-exact activation LUTs (silu_mul 7.7->5.9 us; gated rmsnorm 6.4->5.3 us),19.79,bit-identical,
C3,C2,split-K S=2 for linear-attn out_proj (fp32 partials + fused reduce),19.59,2.85e-3 (long task 2.52e-2; was 3.54e-2),S=3 19.58-19.60; S=4 19.67
C4p,C3,L2 bulk prefetch of out_proj weights on a side stream during prep/FLA (cp.async.bulk.prefetch.L2),19.79 (vs 19.61 off),bit-identical,REJECTED: split-K GEMM bucket unchanged 33.7 vs 33.8 us; prefetch kernels + fork/join cost
C4dg,C3,DeepGEMM sm100 bf16 GEMM instead of cuBLASLt (isolated M=288 bench),n/a,exact,REJECTED: 11.99 vs 12.06 ms total (noise)
C5a,C3,FLA called stage by stage: prep writes GVA q/k + replicated k; kkt/solve/w-u gets replicated k; fwd_h/fwd_o get GVA,19.48 (19.50/19.46 vs 19.60/19.58),bit-identical,FLA 3.90->3.51 ms; prep 11.9->16.1 us (extra krep write)
C5b,C5a,FLA intra with A buffer zeroed once per shape (no per-layer torch.zeros) + gate_mul3 (strided SDPA read + sigmoid LUT),19.38 (19.40/19.35 vs 19.47/19.44),bit-identical,kernels 946->898
C5c,C5b,precomputed additive bf16 attention mask in the layout,19.37 (19.37/19.36 vs 19.38/19.41),bit-identical,kernels 898->850; other 0.13->0.03 ms; e2e within noise
C5d,C5c,add_rmsnorm_sk2 (S template: all partial loads in flight; w1/rowmask loaded before the reduction; same arithmetic order),19.25 (19.25/19.25 vs 19.44/19.42),bit-identical,S4 6.2->5.7 us; S2 6.2->4.6 us
C6,C5d,fused Gated DeltaNet kernel gdn_fused3 (512 thr; mma.sync m16n8k16 bf16 + tf32 m16n8k8 block merges; FLA cast points) + prep without krep,18.57 (18.57/18.57 vs 19.28/19.25),2.85e-3 vs original (long task 1.63e-2; FLA path 2.52e-2),kernel 65 us vs FLA 74 us/layer; 658 kernels; v1 92 us v2 76 us
JEVBENCH,C6,JevBench 231 via temporary r4 server (port 18792) vs production v3; client on workers-33 localhost; second pass,n/a,197/231 (0 prediction changes vs v3),r4 mean 43.1 p50 18.5 p95 142.9 max 211.3; v3 same conditions mean 44.1 p50 20.0 p95 141.3 max 212.4
C6b,C6,gdn_fused4: cp.async double-buffered q/k/v tiles + next chunk g/beta in registers,18.55 (18.53/18.60 vs v3 18.56/18.59),bit-identical to v3,kernel 65.0 -> 62.5 us isolated; e2e within noise
C6c,C6b,gdn_fused5: gated RMSNorm fused into the GDN epilogue (z staged by cp.async; inline sigmoid),rejected,prob maxdiff 3.2e-3 vs v3 (argmax same),71.9 us vs v4+norm 67.6 us: 336 blocks = 3 waves so the per-block epilogue is paid 3 times
C7a,C6b,split-K down_proj S=2 (torch.bmm or cuBLASLt search; same kernel time),18.41 (18.39/18.43 vs 18.56),prob maxdiff 4.4e-3 vs S=4 (summation order),exhaustive cuBLASLt search (636-1260 candidates per shape): gate_up/lin_in/full_in already optimal; down S=2 42.7 vs S=4 48.2 us isolated
C7b,C6b,PDL micro-benchmark (16 x [copy -> gate_up -> copy -> down -> copy] in a CUDA graph),rejected,n/a,cuBLAS 146.0 us/layer; cuBLAS + PDL copies 170.6 (worse); DeepGEMM 165.8; DeepGEMM + PDL 162.4 (0.7 us per boundary)
C6d,C6b,gdn_fused6 for 65..96-row paths (both chunks' state-independent work side by side; 11 barriers instead of 24),17.93 (17.92/17.94 vs v4 18.56/18.56),identical to v4 (probs bit-equal),kernel 62.5 -> 39.4 us isolated; 65.4 -> 41.9 us in the model; covers 90 of 200 tree-path JevBench requests (L2 65..96)
C7a',C6d,+ split-K down_proj S=2,17.73,prob maxdiff 4.4e-3 vs S=4 (to validate vs original),-0.2 ms
C6e,C6d,v6 tuning: right-looking diagonal inverse; scaling + output-stage attention on warps 6..15 during the solve (named barriers for the solve); x4 B fragments,17.7 (with C7a),identical to v4,39.4 -> 36.5 us isolated; phase stamps: load 1.7 kkt 1.4 solve 3.4-4.0 u/w 1.0 o0+h1 1.9 pp/qh 1.0 o1 0.5 us per block
C6f,C6d,persistent GDN + gated-norm work queue (norm items on SMs idle in the third wave),rejected,real rows identical,persistent GDN-only 42.3 vs grid 39.4 us; with norms 46.3-47.1 vs v6+norm 44.3 us
C8a,C7a,fused tree attention + gate (fattn_tree; vbits mask; 3 q heads per CTA),pending,probs 1.4e-3 vs SDPA (argmax same),12.7 us vs SDPA+gate_mul3 21.4 us (example layer)
JEVBENCH-b,C7a (71b3449),JevBench 231 via temporary server (port 18792) from the frozen worktree; second pass,n/a,197/231 (0 prediction changes vs v3 and vs C6),mean 42.4 p50 17.8 p95 139.2 ms (v3 44.1 / 20.0 / 141.3; C6 43.1 / 18.5 / 142.9); test_gtree vs original: example 2.72e-3 long 1.94e-2 argmax same
C8a,C7a,fused tree attention + gate (fattn_tree G=3; vbits mask; 32-key block skipping) for N <= 384,17.42 (vs 17.76 same session),probs 1.4e-3 vs SDPA (argmax same; N=640 case 4.5e-3),12.7 vs 21.4 us (N=288); slower than cuDNN at N=576-640 (35-44 vs 34 us) -> FATTN_MAX=384
C8b,C8a,prep (q/k RMSNorm + RoPE) fused into the attention kernel (fattn_tree2),rejected,probs 2.1e-3 vs SDPA,36.7 us vs prep 7.6 + attention 12.7 us: per-CTA prep of every visible key block is serial latency
C8c,C8a,two warps per head over alternate key blocks (fattn_tree3),rejected,,13.3 vs 12.7 us
C8d,C8a,fullattn_prep2 RoPE: cos/sin loads hoisted out of the per-element branch (bit-identical),kept,probs bit-equal,micro: 0.83 -> 0.25 us per row inside a CTA
C8e,C8a,layout build: visibility bits by one kernel / numpy packbits; hist vectorized; 2 host-to-device copies with 32-byte aligned views,n/a (host side),identical layout tensors,gtree_build host time 0.80 -> 0.69-0.73 ms
C8f,C8a,fused attention A/B interleaved (e2e forward; 3 x SDPA vs 3 x fattn),17.43 vs 17.75,probs 1.4e-3 vs SDPA,SDPA 17.75/17.75/17.72 vs fattn 17.43/17.45/17.43
JEVBENCH-d,8122f28 (C8 + C8e),JevBench 231 via temporary server from the frozen worktree; second pass,n/a,197/231 (0 prediction changes vs v3 / C6 / C7a),mean 43.2 p50 17.6 p95 140.7 ms; test_gtree vs original: example 2.13e-3 long 1.94e-2 argmax same (after the alignment fix)
C6g,C6d,gdn8: gdn6's warp specialization (solve on warps 0..3; scaling + output-stage attention on warps 4..15) in the multi-chunk kernel,rejected,identical to v4,T=112-192: 61.3/62.1/93.3 us vs v4 61.1/61.9/92.9 us
C9a,C8e,server tokenization: cached chat-template prefix/suffix + one encode_batch call,n/a (host side),identical ids on all 232 requests,example 1.24 -> 0.74-0.98 ms; JevBench mix 2.99 -> 1.64-1.70 ms per request
JEVBENCH-e,36d0024 (C9a),JevBench 231 via temporary server from the frozen worktree; second pass,n/a,197/231 (0 prediction changes vs v3 / C7a / C8e),mean 41.9 p50 17.2 p95 137.1 ms (v3 44.1 / 20.0 / 141.3)
C6h,C6d,two-kernel GDN (v9): local kernel over all (seq; head; chunk) items + state-passing kernel with next-chunk prefetch,rejected (not used),identical to v4 for T=64..2048,v4 vs v9: T=576 B=4 186 vs 198 us (local 100 + state 98); T=576 B=7 291 vs 324; T=1024 B=2 166 vs 179; T=2048 B=1 331 vs 266. State part alone 5.4 us per chunk; local 8.6 us per item-wave; v4 overlaps them within 10.4 us per chunk
